{"cameraMode":{"drawMode":0,"name":"Shaded","section":"Shading Mode"},"sceneLighting":true,"audioPlay":false,"sceneViewState":{"showFog":true,"showMaterialUpdate":false,"showSkybox":true,"showFlares":true,"showImageEffects":true,"showParticleSystems":true},"in2DMode":false,"pivot":{"x":11.253399848937989,"y":5.749271392822266,"z":88.5582275390625},"rotation":{"x":-0.008982358500361443,"y":0.05846647173166275,"z":0.0005261352634988725,"w":0.9982488751411438},"size":95.01883697509766,"orthographic":false}