{"cameraMode":{"drawMode":0,"name":"Shaded","section":"Shading Mode"},"sceneLighting":true,"audioPlay":false,"sceneViewState":{"showFog":true,"showMaterialUpdate":false,"showSkybox":true,"showFlares":true,"showImageEffects":true,"showParticleSystems":true},"in2DMode":false,"pivot":{"x":-0.7238836288452148,"y":-0.6994429230690002,"z":0.10134421288967133},"rotation":{"x":-0.5255758762359619,"y":0.23291882872581483,"z":-0.15226919949054719,"w":-0.8039483428001404},"size":9.655020713806153,"orthographic":false}